Initial Search Date,City,State,Category 1,Category 2,Category 3,Type of Artificial Intelligence,Name of Tool,Vendor or Name of Tech (if applicable),Domain,Stage of Deployment,Individual vs. Organizational Use,Description,Link,Link 2,Link 3,Link 4,Criminal Justice or Safety-related?,Unique Cases,Citation 1,Citation 2,Citation 3,Citation 4,Last Searched Date,# Total Cases Per City,Corrections,Courts,Law Enforcement,Last Updated Per City,New or Old RAs?
04/23,New York City,New York,Detection,,,Gun Detection Technology,ShotSpotter,ShotSpotter,Law Enforcement,Active,Organizational Use,"ShotSpotter is an acoustic gunshot detection system that alerts police to virtually all gunfire within a coverage area in less than 60 seconds, helping reduce police response times to gun crimes and save lives.",https://static1.squarespace.com/static/5c1bfc7eee175995a4ceb638/t/62cc83c0118f7a1e018bf162/1657570241282/2022.7.7_ShotSpotter+Report_FINAL.pdf#page=12,,,, Yes,,"Webley-Brown, H et al. (2022, July 14). ShotSpotter and the Misfires of Gunshot Detection Technology.",,,,10/20/25,11,2,2,7,4/25/2025,Old RA's
04/23,New York City,New York,Detection,,,Gun Detection Technology: Transit,Evolv Express,Evolv Technology,Law Enforcement,Inactive,Organizational Use,"Evolv Express uses advanced sensor technology and AI and is designed to enhance security, create situational awareness by alerting on potential threats, and support threat response with a directed search.",https://statescoop.com/nypd-ai-gun-detection-scanners-subway/,https://bronx.news12.com/ai-powered-weapon-scanners-fail-pilot-program-in-new-york-city-subways,https://www.thedailybeast.com/mayor-adams-nypd-launch-test-of-ai-scanners-in-nyc-subways/,,Yes,,"Quinlan, K. (2024, March 28). NYPD to test AI-powered gun-detection scanners in subway system. StateScoop.","Lilley, N. (2024). AI-powered weapon scanners fail pilot program in New York City subways. News 12.",,, 10/20/25,11,2,2,7,4/25/2025,Old RA's
04/23,New York City,New York,Surveillance,,,Body Camera Footage Review,Truleo,Truleo,Law Enforcement,Active,Organizational Use,"Truleo is an artificial intelligence system that reviews body-camera footage to identify key events such as use of force, arrests, or unprofessional language. It transcribes and analyzes officer-civilian interactions in near real time, helping supervisors detect misconduct, improve training, and enhance accountability within the department.",https://www.fox5ny.com/news/nypd-to-use-ai-to-review-body-camera-footage,https://nycpba.org/news-items/gothamist/2023/the-nypd-is-using-ai-to-analyze-body-camera-footage-civil-rights-activists-have-privacy-concerns/,,,,,,"Priolo, T. (2023, October 19). NYPD to use AI to review body camera footage. FOX 5 NY.","Ostadan, B. (2020). The NYPD is using AI to analyze body camera footage. Civil rights activists have privacy concerns.",,,10/20/25,11,2,2,7,4/25/2025,Old RA's
04/23,New York City,New York,Surveillance,,,Facial Recognition Technology,Clearview AI 2.0,Clearview AI,Law Enforcement,Active,Organizational Use,"Clearview AI is a facial recognition system used by law enforcement agencies to identify people from photos or videos. It works by comparing an uploaded image against a massive database of pictures collected from social media and other public websites, returning possible matches within seconds.",https://www.nyclu.org/press-release/nyclu-statement-buzzfeed-investigation-revealing-clearview-ai-use-ny-police,https://www.brennancenter.org/our-work/research-reports/new-york-city-police-department-surveillance-technology,,,,,,"Schaefer, B. (2021, April 7). NYCLU Statement on Buzzfeed Investigation Revealing Clearview AI Use by NY Police Departments. NYCLU.","Diaz, A. (2019, October 4). New York City Police Department Surveillance Technology. Brennan Center for Justice.",,, 10/20/25,11,2,2,7,4/25/2025,Old RA's
04/23,New York City,New York,Forensic Analysis,,,Investigation Tool Crime Pattern Algorithm,Patternizr,Patternizr,Law Enforcement,Active,Organizational Use,"Patternizr is an artificial intelligence tool used by the NYPD to find patterns across thousands of crime reports. It analyzes details like the method of entry, location, time, and type of weapon to identify crimes that may have been committed by the same person or group. By automatically grouping related cases, it helps detectives make connections more quickly and prioritize investigations.",https://www.governing.com/archive/gov-new-york-police-nypd-data-artificial-intelligence-patternizr.html,,,,,,,,"Charles, J. (2019, March 19). NYPD's Big Artificial-Intelligence Reveal. Governing.",,,,10/20/25,11,2,2,7,4/25/2025,Old RA's
04/23,New York City,New York,Surveillance,,,Social Media Tracking,Voyager Labs Social-Media Surveillance & Analytics Suite,Voyager Labs,Law Enforcement,Active,Organizational Use,"Voyager Labs is an artificial intelligence platform that analyzes social media data to map relationships, detect online behavior patterns, and flag individuals who may be involved in or planning criminal activity. It uses algorithms to scan posts, comments, and connections across multiple platforms to identify potential threats or networks of interest.",https://www.businessinsider.com/nypd-new-york-police-voyager-labs-social-media-surveillance-crime-2023-9,,,,,,,,"Hawkinson, K. (2023, September 10). NYC police use products from company that claims it can predict crime. Business Insider.",,,,10/20/25,11,2,2,7,4/25/2025,Old RA's
04/24,New York City,New York,Front End Support,,,AI Avatar: Defendant Counsel,Tavus,Tavus,Courts,Active,Individual Use,"The Tavus tool allows users to create and animate a synthetic avatar which delivers a pre-recorded or AI-generated presentation in a video format. In this case, a litigant submitted the avatar video to represent his argument in court without disclosing it was AI-generated.",https://www.cnn.com/2025/04/10/us/video/ai-generated-avatar-new-york-court-digvid,https://apnews.com/article/artificial-intelligence-ai-courts-nyc-5c97cba3f3757d9ab3c2e5840127f765,https://nypost.com/2025/04/05/us-news/new-york-court-addressed-by-ai-avatar-to-argue-case/,,Yes,Yes,"Tang, H. (2025, April 10). See judge shut down argument from AI avatar in court. CNN.","Neumeister, L. (2025, April 4). An AI avatar tried to argue a case before a New York court. The judges weren't having it. AP News.","Associated Press. (2025, April 5). AI avatar tried to argue a case before New York court -- but judges weren't having it. New York Post.",,10/20/25,11,2,2,7,4/25/2025,Old RA's
04/25,New York City,New York,Back End Administration,,,GenAI Citations in Court Cases,Google Bard,Google Bard,Courts,Active,Individual Use,"Google Bard is a conversational AI chatbot that generates text, answers questions, and summarizes information based on user prompts. It uses large language model technology to mimic human writing and reasoning.",https://www.reuters.com/technology/artificial-intelligence/ai-hallucinations-court-papers-spell-trouble-lawyers-2025-02-18/,https://www.nyestatelitigationblog.com/2024/01/articles/uncategorized/matter-of-samuel-artificial-intelligence-hallucinates-and-an-incapacitated-person-makes-a-will/,,,,,,"Merken, S. (2025, February 18). AI hallucinations in court papers spell trouble for lawyers. Reuters.","Santoro, F. T. (2024, January 29). Matter of Samuel - Artificial Intelligence Hallucinates and an Incapacitated Person Makes a Will. New York Trusts & Estates Litigation.",,, 10/20/25,11,2,2,7,4/25/2025,Old RA's
04/25,New York City,New York,Surveillance,,,Prisoner Phone Call Monitoring,Investigator Pro,ViaPath Technologies,Corrections,Active,Individual Use,"Investigator Pro is a voice biometric tool that analyzes phone audio to confirm whether the speaker matches the enrolled incarcerated person and to detect when someone may be using another person's PIN. It supports investigations by flagging suspicious calls and helping staff link voices across different numbers and call records.",https://www.osc.ny.gov/press/releases/2025/04/dinapoli-improved-guidance-needed-state-agencies-using-ai-avoid-risks,https://www.wwlp.com/news/audit-ai-oversight-lacking-at-new-york-state-agencies/amp/,https://www.yorkdispatch.com/story/news/local/york-county/2024/01/26/how-will-york-county-use-artificial-intelligence-in-its-prison-and-what-information-is-it-gathering/72326444007/,https://abcnews.go.com/Technology/us-prisons-jails-ai-mass-monitor-millions-inmate/story?id=66370244,,,"Dinapoli, T. (2025, April 3). DiNapoli: Improved Guidance Needed for State Agencies Using AI To Avoid Risks. Office of the New York State Comptroller.","Sheridan, J. (2025, April 8). Audit: AI oversight lacking at New York state agencies. WWLP.","Enright, M. (2024, January 26). How will York County use artificial intelligence in its prison? York Dispatch.","Francescani, C. (2019, October 24). US prisons and jails using AI to mass-monitor millions of inmate calls. ABC News.",10/20/25,11,2,2,7,4/25/2025,Old RA's
04/25,New York City,New York,Detection,,,Contraband Detection,N/A,N/A,Corrections,Unsure,,N/A,https://scholarship.shu.edu/cgi/viewcontent.cgi?article=2648&context=student_scholarship,,,,,,"Mohktar, R. (2025). The Transformation of Correctional Facilities Using Artificial Intelligence Technology. Seton Hall University.",,,,10/20/25,11,2,2,7,4/25/2025,Old RA's
04/25,New York City,New York,Prediction,,,Predictive Algorithm: Severe Harm for Children,Severe Harm Predictive Model (SHM),New York City Administration for Children's Services,Law Enforcement,Active,Organizational Use,"SHM uses historical child-welfare data to assess how likely a child is to suffer serious harm (physical or sexual abuse) within the next 18 months, so ACS can prioritize which cases to investigate more urgently.",https://www.vice.com/en/article/nypd-child-services-ai-facial-recognition/,,,,,,"Abraham, R. (2023, February 22). AI Use by Cops, Child Services In NYC Is a Mess: Report. VICE.",,,,10/20/25,11,2,2,7,4/25/2025,Old RA's
04/26,Los Angeles,California,Surveillance,,,Body Camera Footage Review,N/A,"Axon Enterprise, Inc.",Law Enforcement,Active,Organizational Use,Researchers are using AI to analyze the tone and word choice that LAPD officers use during traffic stops in order to improve officer training on navigating encounters with the public.,https://dornsife.usc.edu/news/stories/ai-meets-policing/,https://www.govtech.com/public-safety/los-angeles-police-to-use-ai-analysis-of-body-cam-footage,https://www.latimes.com/california/story/2023-08-22/lapd-to-use-ai-to-analyze-body-cam-videos-for-officers-language-use,https://www.inc.com/will-yakowicz/axon-artificial-intelligence-software-lapd-body-camera-footage.html,Yes,,"Liu, M. (2023, September 1). Artificial intelligence (AI) meets policing: USC leads LAPD body cam study.","Yakowicz, W. (2017, October 18). Artificial Intelligence Software Will Be Helping the Los Angeles Police. Inc.","Jany, L. (2023, August 22). LAPD to use AI to analyze body cam videos for officers' language use. Los Angeles Times.",,10/27/25,11,1,4,6,4/30/2025,Old RA's
04/26,Los Angeles,California,Prediction,,,Crime Prediction Technology: Crime Heat Maps,PredPol,Geolitica,Law Enforcement,Inactive,Organizational Use,"The Predpol predictive-policing program analyzed data to increase police presence in areas where crime seemed likely to take place, relying on 10 years of crime data. In April 2020, the LAPD canceled its contract with PredPol.",https://www.cnn.com/2019/03/22/tech/lapd-audit-tech/index.html,,,, Yes,,"McFarland, M. (2019, March 22). LAPD audit reveals dangers of high-tech policing. CNN.",,,,10/27/25,11,1,4,6,4/30/2025,Old RA's
04/26,Los Angeles,California,Prediction,,,Crime Prediction Technology: Crime Heat Maps,Gotham,Palantir,Law Enforcement,Unsure,Organizational Use,"The Palantir platform offers a centralized location to collect and analyze police data, including license-plate scans, rap sheets, foreclosed properties, and traffic tickets. This allows the LAPD to increase police presence in areas where crime seems likely to take place.",https://www.cnn.com/2019/03/22/tech/lapd-audit-tech/index.html,,,, Yes,,"McFarland, M. (2019, March 22). LAPD audit reveals dangers of high-tech policing. CNN.",,,,10/27/25,11,1,4,6,4/30/2025,Old RA's
04/26,Los Angeles,California,Back End Administration,,,Digital Court Reports Generator & Analytics,Client Case Management System,Publicis Sapient,Courts,Active,Organizational Use,"The Los Angeles County Public Defender's Office (LACPD) employs an AI system which quickly identifies information useful to attorneys, enhancing the quality and speed of their work.",https://www.tdcaa.com/journal/an-ai-primer-for-prosecutors-on-its-peril-and-potential/,https://www.thomsonreuters.com/en-us/posts/government/leveraging-genai-tools-courts/,https://www.cio.com/article/2075465/la-public-defender-cio-digitizes-to-divert-people-to-programs-not-prison.html,https://www.govtech.com/biz/can-better-software-lead-to-better-outcomes-in-court,Yes,,"Holley, M. (2024, July-August). An AI primer for prosecutors on its peril and potential. Texas District & County Attorneys Association.","Brunette, A. (2024, April 9). Leveraging GenAI tools in courts. Thomson Reuters Institute.","Rooney, P. (2024, March 28). LA Public Defender CIO digitizes to divert people to programs, not prison. CIO.","Rueter, T. (2023, October 27). Can Better Software Lead to Better Outcomes in Court? GovTech.",10/27/25,11,1,4,6,4/30/2025,Old RA's
04/26,Los Angeles,California,Prediction,,,Crime Prediction Technology: Offender Predictor Algorithm,Operation Laser,Palantir,Law Enforcement,Inactive,Organizational Use,"The LAPD rolled out the data-driven LASER predictive policing program in 2011, which was created to target individuals most likely to commit a violent crime based on personal criminal histories. In 2019, the LAPD Inspector General's internal audit of LASER found issues in the way individuals were selected by the program. The LAPD shut down LASER.",https://www.cbsnews.com/news/los-angeles-police-department-laser-data-driven-policing-racial-profiling-2-0-cbsn-originals-documentary/,,,, Yes,,"Baek, G. (2020, February 23). LAPD not giving up on data-driven policing, even after scrapping controversial program. CBS News.",,,,10/27/25,11,1,4,6,4/30/2025,Old RA's
04/26,Los Angeles,California,Forensic Analysis,,,DNA Analysis,GEDmatch,GEDmatch,Law Enforcement,Active,Organizational Use,"Police checked the crime scene DNA of the Golden State Killer against GEDmatch, a database filled with the profiles of people who have volunteered their genetic codes to discover their relatives. After years, they were able to identify the killer.",https://opendatascience.com/3-examples-of-ai-helping-police-solve-cold-cases/,,,, Yes,,"Amos, Z. (2024, November 26). 3 Examples of AI Helping Police Solve Cold Cases. Open Data Science.",,,,10/27/25,11,1,4,6,4/30/2025,Old RA's
04/26,Los Angeles,California,Back End Administration,,,Case Management Tool,Client Case Management System,Amazon Web Services,Courts,Active,Organizational Use,"The LACPD began using an AI-powered document processing system to reduce manual data entry. This system ingests scanned PDFs, classifies useful pages, extracts agency-specific information and allows the Public Defender's office staff to verify results through a user interface.",https://statescoop.com/la-county-public-defender-ai-aws/,,,, Yes,,"Quinlan, K. (2023, July 12). L.A. County's public defender uses AI to improve client management. StateScoop.",,,,10/27/25,11,1,4,6,4/30/2025,Old RA's
04/26,Los Angeles,California,Back End Administration,,,Virtual Reality Training,Apple Vision Pro Goggles,Apple,Law Enforcement,Unsure,Organizational Use,"The LAPD implemented a virtual reality training program for officers at the LA Police Academy, focusing on de-escalation tactics and other skills. They use the Apple Vision Pro Goggles, which double as a computer.",https://www.police1.com/tech-pulse/leading-the-digital-beat-lapds-deputy-chief-talks-technologys-role-in-shaping-the-future-of-policing,,,, Yes,,"Calams, S. (2024, February 13). Leading the digital beat: LAPD's deputy chief talks technology's role in shaping the future of policing. Police1.",,,,10/27/25,11,1,4,6,4/30/2025,Old RA's
04/26,Los Angeles,California,Front End Support,,,Chatbot: Jury Assistance,Jury Chatbot,Microsoft Cognitive Services,Courts,Unsure,Organizational Use,"The Superior Court of Los Angeles is currently working on a Jury Chat Bot project leveraging true AI with features like natural language understanding, QnA maker, and translation services. Efforts are being focused around the jury summons process.",https://www.zdnet.com/article/ai-in-the-court-are-robot-judges-next/,,,, Yes,,"Condon, S. (2020, January 22). AI in the court: Are robot judges next? ZDNET.",,,,10/27/25,11,1,4,6,4/30/2025,Old RA's
04/27,Los Angeles,California,Back End Administration,,,Redaction Technology,N/A,Accenture PLC,Courts,Unsure,Organizational Use,The trial courts in Los Angeles County are testing a new AI tool that removes personal data from case files involving minors.,https://news.bloomberglaw.com/litigation/ai-tool-to-redact-minors-info-in-testing-for-los-angeles-court,,,, Yes,,"Spoto, M. (2023, December 8). AI Tool to Redact Minors' Info in Testing for Los Angeles Court. Bloomberg Law.",,,,10/27/25,11,1,4,6,4/30/2025,Old RA's
04/30,Los Angeles,California,Surveillance,Prediction,Back End Administration,AI Inmate Search System,"LA County Inmate Search, Inmate Search Los Angeles, LA Sheriff Inmate Search",N/A,Corrections,Inactive,Organizational Use,"Artificial intelligence and machine learning are enhancing efficiency, accuracy, and security in managing inmate information via predictive analytics, enhanced safety measures, and streamlined administrative tasks.",https://patch.com/california/los-angeles/classifieds/other/453907/impact-of-artificial-intelligence-and-machine-learning,https://midnightbail.com/lasd-inmate-search/,,, Yes,,"Local Classified: Impact of Artificial Intelligence and Machine Learning. (2024, June 18). Los Angeles, ca Patch.",,,,10/27/25,11,1,4,6,4/30/2025,Old RA's
04/30,Los Angeles,California,,,,AI Chatbot for Police Recruiting,Officer Chip,Microsoft,Law Enforcement,Active,Organizational Use,Officer CHIP (City Hall Internet Personality) is a chatbot created by the LAPD to help officers with hiring and recruiting.,https://www.policechiefmagazine.org/ai-community-police-relations/,,,,,,"Norris, D. (2019, June 12). Artificial Intelligence and Community-Police Relations. Police Chief Magazine.",,,,10/30/25,,,,,,New RAs
04/30,Los Angeles,California,,,,AI-Enabled Robot for Tactical Hostage Intervention,Remotec ANDROS 56B Robot,Northrup Grumman,Law Enforcement,Active,Organizational Use,"The Los Angeles Sheriff's Department's Remotec ANDROS 56B robot has been used before in standoffs and bomb disposal. The robot has an integrated arm, gripper and articulator sensors that supply real-time feedback on position and rotation.",https://www.diamondit.pro/the-future-of-law-enforcement-ai-and-robots/,,,,,,"Mayo, M. (2018, March 13). The Future of Law Enforcement: AI and Robots. Diamond IT.",,,,10/30/25,,,,,,New RAs
04/30,Los Angeles,California,,,,AI Live Translation Service,Wordly,Wordly,Law Enforcement,Active,Organizational Use,"Los Angeles County officials use Wordly, an AI translation and caption program, to share emergency communications to residents in more than 60 languages.",https://www.route-fifty.com/artificial-intelligence/2025/02/ai-translation-tools-could-improve-trust-public-safety-efforts/402963/,,,,,,"Levinson, K. (2025, February 12). AI translation tools could improve trust in public safety efforts. Route Fifty.",,,,10/30/25,,,,,,New RAs
04/30,Los Angeles,California,,,,Predictive Analytics Tool for Homelessness Prevention,N/A,California Policy Lab (UCLA),N/A,Active,Organizational Use,"The California Policy Lab's predictive analytics tool analyzes administrative data, like from justice, health, and social services departments, to predict homelessness risk. This prediction allows officials to intervene and target resources to high risk households.",https://abc7.com/post/los-angeles-artificial-intelligence-ai-homeless-crisis/13995210/,,,,,,"Hayes, R. (2023, October 31). How LA County is using AI to help solve homeless crisis. ABC7 Los Angeles.",,,,10/30/25,,,,,,New RAs
05/11,Chicago,Illinois,Prediction,,,Crime Analysis,N/A,N/A,Law Enforcement,Unsure,Organizational Use,,https://www.policechiefmagazine.org/navigating-future-ai-chatgpt/,,,,Yes,,"Epstein, B., & Emerson, J. (2024, April 3). Navigating the Future of Policing. Police Chief Magazine.",,,,10/14/2025,12,0,0,12,5/11/2025,Old RA's
05/11,Chicago,Illinois,Detection,,,Gun Detection Technology,ShotSpotter Gun Detection,SoundThinking,Law Enforcement,Inactive,Organizational Use,The ShotSpotter system uses acoustic sensors to detect and pinpoint the location of potential gunfire incidents.,https://abc7chicago.com/post/drones-artificial-intelligence-among-company-pitches-new-gunshot-detection-technology-chicago-police-department/16128894/,https://datascience.uchicago.edu/news/uchicago-undergrad-analyzes-machine-learning-models-used-by-cpd-uncovers-lack-of-transparency-about-data-usage/,https://www.soundthinking.com/blog/the-future-of-law-enforcement-smart-technology-accountability-and-strategy/,https://innocenceproject.org/news/when-artificial-intelligence-gets-it-wrong/,Yes,,"Rivera, M., & Markoff, B. (2025, April 5). Drones, AI among company pitches for new gunshot detection technology for CPD. ABC7 Chicago.","University of Chicago Data Institute. (2025). UChicago Undergrad Analyzes Machine Learning Models Used By CPD.","Johnson, K. (2025, April 10). The Future of Law Enforcement: Smart Technology, Accountability, and Strategy. SoundThinking.","Swarns, C. (2023, September 19). When Artificial Intelligence Gets It Wrong. Innocence Project.",10/14/2025,12,0,0,12,5/11/2025,Old RA's
05/11,Chicago,Illinois,Prediction,,,Police Misconduct Evaluation,BrainMaker,BrainMaker,Law Enforcement,Inactive,Organizational Use,The BrainMaker computer system developed an automated early warning system designed to identify police officers with the potential of misconduct.,https://www.ojp.gov/ncjrs/virtual-library/abstracts/predicting-police-misconduct-neural-network-program,https://calsci.com/Police.html,,,Yes,,"Burke, T. W. (1995, June). Predicting Police Misconduct With a Neural Network Program. Office of Justice Programs.","California Scientific. (2025). Neural Network Red-Flags Police Officers With Potential For Misconduct. California Scientific.",,, 10/14/2025,12,0,0,12,5/11/2025,Old RA's
05/11,Chicago,Illinois,Prediction,Surveillance,,Predictive Algorithm: Crime Heat List,Heat List/Strategic Subject List,N/A,Law Enforcement,Inactive,Organizational Use,"The Strategic Subject List (SSL) used an algorithm to generate a list of individuals most likely to be involved in gun violence, as victim or perpetrator. Created mass controversy and was stopped in 2020.",https://www.theverge.com/c/22444020/chicago-pd-predictive-policing-heat-list,https://www.wired.com/story/crime-prediction-racist-history/,,,Yes,,"Stroud, M. (2021, May 24). Heat Listed. The Verge.",,,,10/14/2025,12,0,0,12,5/11/2025,Old RA's
05/11,Chicago,Illinois,Detection,,,Gun Detection Technology: Transit,ZeroEyes AI,ZeroEyes,Law Enforcement,Active,Organizational Use,The ZeroEyes system uses advanced AI technology to identify potential firearms in camera footage. The alert is sent to the company's military/law enforcement veterans in its Operations Center for human verification.,https://www.govtech.com/public-safety/chicago-transit-authority-tests-tech-with-ai-to-spot-guns,https://www.americancityandcounty.com/artificial-intelligence/chicago-s-transit-authority-looks-to-ai-powered-gun-detection-to-help-curb-violent-crime,https://www.nbcchicago.com/news/cta-implementing-ai-technology-to-detect-guns-on-property/3535429/,https://www.chicagotribune.com/2024/08/29/daywatch-cta-begins-using-gun-detection-system-powered-by-ai/,Yes,,"Freishtat, S. (2024, August 29). Chicago Transit Authority Tests Tech with AI to Spot Guns. GovTech.","Kushner, R. (2024). Chicago's transit authority looks to AI-powered gun detection to help curb violent crime.","NBC Chicago. (2024, August 29). CTA implementing AI technology to detect guns on property.","Chicago Tribune. (2024, August 29). Daywatch: CTA begins using gun detection system powered by AI.",10/14/2025,12,0,0,12,5/11/2025,Old RA's
05/11,Chicago,Illinois,Prediction,Surveillance,,Predictive Algorithm: Offender Identification,Heat List/Strategic Subject List,N/A,Law Enforcement,Inactive,Organizational Use,"The Strategic Subject List (SSL) used an algorithm to generate a list of individuals most likely to be involved in gun violence, as victim or perpetrator. Created mass controversy and was stopped in 2020.",https://www.cogentinfo.com/resources/predictive-policing-using-machine-learning-with-examples,https://www.techpolicy.press/politicians-move-to-limit-predictive-policing-after-years-of-controversial-failures/,https://www.justice.gov/olp/media/1381796/dl,,Yes,,"U.S. Department of Justice (2024). Artificial Intelligence and Criminal Justice Final Report.",,,,10/14/2025,12,0,0,12,5/11/2025,Old RA's
05/11,Chicago,Illinois,Surveillance,,,Facial Recognition Technology,Clearview AI,Clearview AI,Law Enforcement,Inactive,Organizational Use,"Clearview AI provided a facial recognition technology where users can upload an image of a face, match it against their database, and then supply links to other online locations where the match can be found. Contract with CPD ended in May 2020, followed by nationwide ban on Clearview FRT.",https://chicago.suntimes.com/crime/2020/1/29/21080729/clearview-ai-facial-recognition-chicago-police-cpd,https://www.lawfaremedia.org/article/the-authoritarian-risks-of-ai-surveillance,,,Yes,,"Schuba, Tom. (2020, Jan 29). Clearview AI Facial Recognition: Chicago Police Using Controversial Tool. Chicago Sun-Times.","Tokson, Matthew. The Authoritarian Risks of AI Surveillance. Lawfare, 2025.",,, 10/14/2025,12,0,0,12,5/11/2025,Old RA's
05/11,Chicago,Illinois,,,,AI Predicting Officer Misconduct,First Sign,Benchmark Analytics LLC,Law Enforcement,Active,Organizational Use,"First Sign is an AI-enabled early-intervention system used by law enforcement agencies to identify patterns of officer behavior that may indicate performance or conduct risks. It integrates internal agency data to support supervisory review and accountability processes, while requiring human oversight for interpretation and action.",https://www.fop.org/article?uID=1E825B49-B0D4-436F-BD29-89DAFBC930D6,,,,,,"Jones, R. (n.d.). Artificial Intelligence And Law Enforcement. Illinois Fop Labor Council.",,,,11/13/2025,,,,,,New RAs
05/11,Chicago,Illinois,,,,Bodycam/Officer Behavior,Truleo AI,Truleo,Law Enforcement,Active,Organizational Use,"Truleo AI is an automated analysis platform for police body-worn camera footage that evaluates officer and civilian interactions for professionalism, policy compliance, and performance metrics. The system is designed to support internal review and training, with results intended to complement, not replace, human judgment.",https://www.fop.org/article?uID=1E825B49-B0D4-436F-BD29-89DAFBC930D6,,,,,,"Jones, R. (n.d.). Artificial Intelligence And Law Enforcement. Illinois Fop Labor Council.",,,,11/13/2025,,,,,,New RAs
05/11,Chicago,Illinois,,,,Predictive Mapping/Policing,Citigraf,"Microsoft; Genetec",Law Enforcement,Unsure,Organizational Use,"Citigraf is a public-safety analytics platform developed by Microsoft and Genetec that aggregates and visualizes crime, traffic, and sensor data to support investigative and operational decision-making. It integrates multiple data sources but relies on agency interpretation and governance for responsible use.",https://www.govtech.com/public-safety/drones-ai-bodycams-is-technology-making-us-safer.html,,,,,,"Newcombe, T. (2019, February). Drones. AI. Bodycams. Is Technology Making Us Safer? Government Technology.",,,,11/13/2025,,,,,,New RAs
05/11,Chicago,Illinois,,,,Facial Recognition,Clearview AI,Clearview AI,Law Enforcement,Unsure,Organizational Use,Clearview AI is a facial recognition tool that enables law enforcement agencies to identify individuals by comparing uploaded images against a large database of scraped online photos. Its use raises significant privacy and civil liberties concerns and typically requires strict policy controls and legal oversight.,https://godoyolivieri.com/blog/ice-uses-drivers-licenses-for-facial-recognition/,,,,,,"Godoy, M. (n.d.). ICE Uses Drivers Licenses for Facial Recognition. Godoy Law Office Immigration Lawyers.",,,,11/13/2025,,,,,,New RAs
05/11,Chicago,Illinois,,,,Predictive Policing Information Platform,CrimeTracer,SoundThinking (formerly ShotSpotter Inc.),Law Enforcement,Unsure,Organizational Use,"CrimeTracer is an investigative analytics platform that uses AI to identify patterns, connections, and potential suspects across crime data, records, and open-source information. It is designed to accelerate investigations while requiring analyst verification of AI-generated links and inferences.",https://truthout.org/audio/predictive-police-tech-isnt-making-communities-safer-its-disempowering-them/,,,,,,"Hayes, K. (2024, February 1). Predictive Police Tech Isn't Making Communities Safer. Truthout.",,,,11/13/2025,,,,,,New RAs
05/27,Houston,Texas,Surveillance,,,Facial Recognition Technology: Surveillance Camera Network,"Outpost AI, Acropolis AI, Command AI",Airship AI,Law Enforcement,Active,Organizational Use,"The Airship AI system allows for the deployment of security cameras which takes data input in the form of real-time object detection, allowing for faster response times to potential threats or incidents. Known as a hybrid system.",https://www.govtech.com/public-safety/opinion-houston-police-should-reconsider-ai-partner,https://www.houstonchronicle.com/politics/houston/article/houston-city-council-ai-police-department-19509208.php,https://abc13.com/post/houston-police-artificial-intelligence-video-surveillance-airship-ai/14942179/,https://idtechwire.com/houston-council-approves-178k-facial-recognition-network-for-police/,Yes,,"Houston Chronicle. (2024, July 8). Opinion: Houston Police Should Reconsider AI Partner. GovTech.","Willey, J. (2025). Houston City Council OKs $178K to Expand HPD's Surveillance Network. ABC13.","Perala, Alex. (2024, June 14). Houston Council Approves $178K Facial Recognition Network for Police. ID Tech.",,11/17/2025,6,1,0,5,5/27/2025,Old RA's
05/27,Houston,Texas,Surveillance,,,Robot Dogs,SPOT and Hal Robodogs,N/A,Law Enforcement,Active,Organizational Use,"The Robodogs SPOT and Hal can be sent into dangerous environments to provide real-time information to officers, equipped with microphones and speakers as well as thermal and 360 cameras for enhanced surveillance.",https://www.lawfaremedia.org/article/the-authoritarian-risks-of-ai-surveillance,,,,Yes,,"Tokson, M. (2025, May 1). The Authoritarian Risks of AI Surveillance. Lawfare.",,,,11/17/2025,6,1,0,5,5/27/2025,Old RA's
05/27,Houston,Texas,Surveillance,,,Body Camera Footage Review,N/A,Truleo,Law Enforcement,Inactive,Organizational Use,"Truleo AI technology flags specific verbal cues and events (e.g., use of force or arrests) for departmental review, with the goal of saving supervisors significant time that would otherwise be spent manually reviewing footage.",https://www.houstonpublicmedia.org/npr/2024/09/24/nx-s1-5096298/human-reviewers-cant-keep-up-with-police-bodycam-videos-ai-now-gets-the-job/,,,,Yes,,"Kaste, M. (2024, September 24). Human reviewers can't keep up with police bodycam videos. AI now gets the job. Houston Public Media.",,,,11/17/2025,6,1,0,5,5/27/2025,Old RA's
05/27,Houston,Texas,Surveillance,,,Facial Recognition Technology,Facial Recognition Technology,N/A,Law Enforcement,Unsure,Organizational Use,"This system used AI to analyze low-quality surveillance footage, comparing it against facial recognition databases containing old mugshots, and generated a match that wrongly identified Harvey Murphy Jr. as the suspect, leading to his arrest despite his alibi.",https://johnhelms.attorney/the-dangers-of-artificial-intelligence-ai-in-criminal-investigations-and-trials/,https://www.usatoday.com/story/news/nation/2024/01/24/sunglass-hut-robbery-facial-recognition-arrest/72343044007/,,,Yes,,"John Helms Law Firm. (2024, July 18). The Dangers of Artificial Intelligence (AI) in Criminal Investigations and Trials.","Robledo, A. (2024, January 24). Texas man says facial recognition led to his false arrest, imprisonment, rape in jail. USA TODAY.",,, 11/17/2025,6,1,0,5,5/27/2025,Old RA's
05/27,Houston,Texas,Detection,,,Gun Detection Technology: Schools,N/A,Athena,Law Enforcement,Active,Organizational Use,"Athena's gun detection system can be placed in any entryway environment for camera/sensing capabilities, notifying an assigned authority if a gun is detected. It is designed to scan people walking at an average speed.",https://www.houstonpublicmedia.org/articles/news/education-news/2024/12/02/507425/lamar-consolidated-isd-investing-hundreds-of-thousands-of-dollars-in-ai-powered-security-system/,,,,Yes,,"Zuvanich, A. (2024, December 2). Lamar Consolidated ISD investing hundreds of thousands of dollars in AI-powered security system. Houston Public Media.",,,,11/17/2025,6,1,0,5,5/27/2025,Old RA's
05/27,Houston,Texas,Surveillance,,,Prisoner Phone Call Monitoring,N/A,Versus,Corrections,Unsure,Organizational Use,Versus technology uses AI to transcribe prison phone call recordings in real time and allows for certain keywords and phrases created by respective officials to alert prison officials. Last recorded use in 2021.,https://www.susannagranieri.com/the-implications-of-artificial-intelligence-at-suffolk-county-correctional-facility/,https://www.japantimes.co.jp/news/2021/11/16/world/ai-surveillance-u-s-prisons/,,,Yes,,"Granieri, S. (2022, March). The Implications of Artificial Intelligence at Suffolk County Correctional Facility.",,,,11/17/2025,6,1,0,5,5/27/2025,Old RA's
5/27,Houston,Texas,,,,Intelligence-Led Policing,Zencity,Zencity,Law Enforcement,Active,Organizational Use,"The Harris County Sheriff's Office uses AI to analyze public feedback from social media, comments, and surveys to identify residents' safety concerns and priorities. The system summarizes trends and sentiment by neighborhood, helping guide patrol deployment and resource allocation.",https://www.houstonchronicle.com/news/houston-texas/trending/article/montgomery-county-ai-crimes-21017304.php,,,,,,,,,,11/13/2025,,,,,,New RAs
5/27,Houston,Texas,,,,Evidence Analysis,N/A,VSV Leadership,Courts,Active,Organizational Use,"Prosecutors in Montgomery County, Texas, are using AI to handle routine tasks like summarizing reports, drafting legal documents, and analyzing evidence. The technology has also aided in creating visual timelines and jury selection questions, saving time and improving case preparation.",https://www.houstonchronicle.com/news/houston-texas/trending/article/montgomery-county-ai-crimes-21017304.php,,,,,,,,,,11/13/2025,,,,,,New RAs
06/05,Phoenix,Arizona,Back End Administration,,,Non-Emergency Dispatch Assistance,CallTriage,Versaterm Corp.,Law Enforcement,Active,Organizational Use,"CallTriage is a conversational AI-driven platform that answers non-emergency calls, asks callers clarifying questions, and either resolves the request via virtual agent/self-service or escalates to a human dispatcher.",https://ktar.com/arizona-technology-news/ai-dispatcher-police/5697790/,https://www.allaboutarizonanews.com/phoenix-police-to-launch-ai-tool-to-handle-nonemergency-911-calls/,https://www.govtech.com/public-safety/phoenix-police-put-ai-to-work-on-nonemergency-calls,,No,,"O'Sullivan, S. (2025, April 30). AI dispatcher might handle some Phoenix police calls. KTAR.","Phoenix Police to Launch AI Tool to Handle Non-Emergency 911 Calls. (2025, April 30). All About Arizona News.",,, 11/1/25,7,0,1,6,6/5/2025,Old RA's
06/05,Phoenix,Arizona,Back End Administration,,,AI Video & Voice-Generated Police Reports,Draft One,Axon & Truleo,Law Enforcement,Active,Organizational Use,"Axon integrates ALPR technology into body-worn and in-car camera systems, enabling real-time plate recognition and data sharing across agencies. Truleo is an AI tool that analyzes body-worn camera footage to flag professional conduct, risk indicators, and help supervisors review footage more efficiently.",https://www.azcentral.com/story/news/local/arizona/2025/04/01/arizona-police-testing-ai-to-draft-reports-from-bodycam-footage/79343735007/,,,,No,,"Cruz, E. S. (2025, April). Arizona police testing Axon AI software to draft reports from bodycam footage. Arizona Republic.",,,,11/1/25,7,0,1,6,6/5/2025,Old RA's
06/05,Phoenix,Arizona,Surveillance,Back End Administration,,Body Camera Footage Review,Truleo,Truleo Inc.,Law Enforcement,Active,Organizational Use,Truleo is an AI tool that analyzes body-worn camera footage to flag professional conduct, risk indicators, and help supervisors review footage more efficiently.,https://doa.az.gov/news/arizona-pioneers-practical-uses-generative-ai,https://www.12news.com/article/news/local/arizona/arizona-police-department-adopts-ai-tool-help-review-bodycam-footage/75-b45bfc15-f5a1-40a1-8923-38f4727f048e,https://www.police1.com/police-products/body-cameras/arizona-dps-partners-with-arizona-state-university-and-truleo-to-complete-field-study-of-artificial-intelligence-for-body-cam-review,,,,"Arizona Department of Administration. (2024, November 20). Arizona Pioneers Practical Uses for Generative AI.","Tanet, J. (2025, February 7). AI-assisted approach to reviewing bodycam footage catches on in another Arizona police department. 12news.","Arizona DPS partners with Arizona State University and TRULEO to complete field study. (2024, October 15). Police1.",,11/1/25,7,0,1,6,6/5/2025,Old RA's
06/05,Phoenix,Arizona,Detection,,,Gun Detection Technology,Gun Shot Detection System,Amazon Web Services,Law Enforcement,Active,Organizational Use,The Gun Shot Detection Prototype is a system that listens for gunshot sounds in a city and sends an alert to the police when a gun is fired. It uses small sound sensors and computer software to tell the difference between a gunshot and other loud noises.,https://smartchallenges.asu.edu/challenges/gun-shot-detection-city-phoenix,https://smartchallenges.asu.edu/sites/default/files/2022-12/Gunshot-detection-PD-report.pdf,,,,,,"Sahare, S. (n.d.). Gunshot Detection Prototype Report. ASU Smart City Challenge.",,,,11/1/25,7,0,1,6,6/5/2025,Old RA's
06/05,Phoenix,Arizona,Front End Support,,,AI Court News Reporters,N/A,N/A,Courts,Active,Organizational Use,"These avatars are presenters, animated and voice-generated using AI, that appear onscreen to deliver simplified summaries of court rulings and legal news. The court provides the script and uses the avatars to produce videos more quickly than traditional spokespeople.",https://www.youtube.com/watch?v=32nrrYWSvJ4,https://apnews.com/article/ai-artificial-intelligence-arizona-court-653060178ab9661a3ca6ddc37ac12907,https://www.alvareztg.com/ai-arizona-murder-case/,https://tucson.com/news/nation-world/business/article_393e300c-2f74-55ca-a7ad-5ade3ae99b7c.html,,,"NBC News. (2025, May 28). Artificial intelligence used to create lifelike court reporters. YouTube.",,,,11/1/25,7,0,1,6,6/5/2025,Old RA's
06/05,Phoenix,Arizona,,,,Predictive Policing,N/A,N/A,Law Enforcement,Active,Organizational Use,"The tool described is a covert surveillance system operated by the U.S. Border Patrol that collects license-plate and travel-pattern data nationwide, uses algorithms to flag suspicious vehicle routes, and then triggers local traffic stops and detentions of drivers whose travel trajectories deviate from the norm.",https://www.pbs.org/newshour/nation/border-patrol-monitoring-drivers-and-detaining-those-with-suspicious-travel-patterns,,,,,,,,,,11/20/25,,,,,,New RAs
06/05,Phoenix,Arizona,,,,Surveillance,Flock,Flock Safety,Law Enforcement,Active,Organizational Use,"A nationwide license-plate-reader network where cops type in reasons for searches. In one case in Glendale, the reason field contained an anti-Romani slur, demonstrating how the tech meant to monitor vehicles can be used to target ethnic groups.",https://azmirror.com/2025/11/13/glendale-police-used-an-ethnic-slur-to-search-a-license-plate-surveillance-database/,,,,,,,,,,11/20/25,,,,,,New RAs
06/11,Philadelphia,Pennsylvania,Surveillance,,,Facial Recognition Technology,Clearview AI (Pilot),Clearview AI,Law Enforcement,Inactive,Organizational Use,"Clearview AI provided a facial recognition technology where users can upload an image of a face, match it against their database, and then supply links to other online locations where the match can be found. Piloted with PPD in 2020, contract never officially signed.",https://resolvephilly.org/pjc/dance-challenges-deepfakes-and-discrimination/,https://www.inquirer.com/news/clearview-ai-philadelphia-police-department-facial-recognition-20200305.html,,,,,,"Humphrey, S. (2024, October 17). The deal with AI and personal safety. Resolve Philly.",,,,10/14/25,7,1,0,6,6/12/2025,Old RA's
06/11,Philadelphia,Pennsylvania,Detection,,,Gun Detection Technology: Transit,ZeroEyes AI,ZeroEyes,Law Enforcement,Inactive,Organizational Use,The ZeroEyes system uses advanced AI technology to identify potential firearms in camera footage. The alert is sent to the company's military/law enforcement veterans in its Operations Center for human verification. Contract ended in 2023.,https://resolvephilly.org/pjc/dance-challenges-deepfakes-and-discrimination/,https://wwww.septa.org/news/zeroeyes/,https://www.nbcphiladelphia.com/news/tech/temple-becomes-first-philly-area-university-to-use-gun-detecting-ai-tech-zeroeyes/4031572/,https://whyy.org/articles/septa-artificial-intelligence-scan-guns-zero-eyes/,,,"Humphrey, S. (2024, October 17). The deal with AI and personal safety. Resolve Philly.","SEPTA Board approves ZeroEyes A.I. Gun Detection Pilot Program. (2022, November 18). Septa.org.","Chang, D. (2024, November 18). Temple becomes first Philly-area university to use gun-detecting AI tech ZeroEyes. NBC10.","MacDonald, T. (2022, November 18). SEPTA turns to artificial intelligence to scan passengers for potential shooters. WHYY.",10/14/25,7,1,0,6,6/12/2025,Old RA's
06/11,Philadelphia,Pennsylvania,Detection,,,Gun Detection Technology: School,N/A,Evolv,Law Enforcement,Inactive,Organizational Use,"The Evolv technology uses sensors and AI to differentiate weapons from everyday items, which allows people to walk through sensors quickly without stopping unless an alert is triggered.",https://www.cbsnews.com/philadelphia/news/upper-darby-schools-security-system-artificial-intelligence/,https://www.cbsnews.com/philadelphia/news/upper-darby-school-district-weapons-detection-system-approved/,,,,,,"Wright, M. (2024, December 12). 3 schools in Philadelphia suburb have a new security system powered by artificial intelligence. CBS News.","Wright, M., & Dougherty, T. (2024, September 25). Pennsylvania school district approves weapons detection system for high school, middle schools. CBS News.",,, 10/14/25,7,1,0,6,6/12/2025,Old RA's
06/11,Philadelphia,Pennsylvania,Detection,,,Automated Parking Zone Enforcement,N/A,Hayden AI,Law Enforcement,Active,Organizational Use,"The HaydenAI parking enforcement camera system uses AI to detect vehicles that are illegally parked in designated bus lanes and bus stops and takes a video of the violation. Then, the recording is verified by Philadelphia Parking Authorities and a ticket can be issued.",,https://www.reddit.com/r/philadelphia/comments/1iuprzn/ppa_to_start_using_of_ai_cameras_to_issue_tickets/,,,,,,"HaydenAI. (2025, April 16). Hayden AI Partners with the Philadelphia Parking Authority and SEPTA to Launch Automated Transit Zone Enforcement. Hayden AI Blog.",,,,10/14/25,7,1,0,6,6/12/2025,Old RA's
06/12,Philadelphia,Pennsylvania,Detection,,,AI Road Management/Safety Prediction,N/A,Department of Streets,Law Enforcement,Inactive,Organizational Use,The Streets Department partnered with the Office of Innovation and Technology to test AI-powered solutions to help identify roads in need of repair. High-tech sensors were installed on vehicles to measure cracks. Pilot program in 2024.,https://www.phillymag.com/news/2024/06/08/philly-artificial-intelligence-ai/,https://philadelphia.today/2024/06/philadelphia-ai-use/,,,,,,"Burnley, M. (2024, June 9). Philly's AI Revolution: 16 Fascinating Ways Philadelphia Is Using Artificial Intelligence. Philadelphia Magazine.","Toussaint, J. (2024, June 14). Philadelphia is Using Artificial Intelligence in Myriad of Ways. PHILADELPHIA.Today.",,, 10/14/25,7,1,0,6,6/12/2025,Old RA's
06/12,Philadelphia,Pennsylvania,Surveillance,,,Prisoner Phone Call Monitoring,N/A,ViaPath (formerly Global Tel Link),Corrections,Active,Organizational Use,"Viapath is utilized by Philadelphia prisons as an AI Suite to monitor inmate phone calls and track external communication to all inmates. Viapath recently launched AI Moderation and SAFESuite - unclear if those are actively being used by the Philly prison system.",https://www.pennlive.com/news/2023/12/pennsylvania-prison-to-use-ai-for-intelligence-gathering-today-in-pa.html,https://www.yorkdispatch.com/story/news/local/york-county/2023/12/14/york-county-prison-to-use-ai-for-intelligence-gathering-raising-civil-liberties-concerns/71906372007/,https://www.prisonsociety.org/in-the-news/york-county-prison-to-use-ai-for-intelligence-gathering-raising-civil-liberties-concerns,,,,"Enright, M. (2023, December 14). York County Prison to use AI for intelligence gathering, raising civil liberties concerns. York Dispatch.","Dimuro, C. (2023, December 15). Pennsylvania prison to use AI for intelligence gathering. Pennlive.",,, 10/14/25,7,1,0,6,6/12/2025,Old RA's
06/12,Philadelphia,Pennsylvania,,,,Facial Recognition,JNET Facial Recognition,Pennsylvania Justice Network (JNET),Law Enforcement,Active,Organizational Use,"JNET Facial Recognition is a state-level facial recognition capability operated through Pennsylvania's Justice Network to support law enforcement identity verification and investigations. Access and use are governed by state policies, with human review required for operational decisions.",https://www.govtech.com/public-safety/philadelphia-police-test-use-of-facial-recognition-tech.html,,,,,,"Melamed, S. (2020, March 6). Philadelphia Police Test Use of Facial Recognition Tech. Government Technology.",,,,11/19/25,,,,,,New RAs
06/10,San Antonio,Texas,Surveillance,,,Facial Recognition Technology: Surveillance Camera Network,N/A,N/A,Law Enforcement,Active,Organizational Use,Ten security cameras with AI software have been installed along four blocks of Commerce Street by the San Antonio Police Department as part of a year long trial period.,https://www.youtube.com/watch?v=CDqrLQVSpng,https://www.ksat.com/news/local/2024/09/04/sapd-centro-plan-ai-fueled-security-camera-network-downtown/,https://insider.govtech.com/texas/news/san-antonio-officials-request-funding-for-ai-surveillance-cameras,https://www.expressnews.com/news/article/sapd-security-cameras-artificial-intelligence-19626216.php,,,"KSAT 12. (2024, September 3). SAPD, Centro plan AI-fueled security camera network downtown. YouTube.","Brnger, G., & Salazar, S. (2024, September 4). SAPD, Centro plan AI-fueled security camera network downtown. KSAT.","Tribune News Service. (2024, August 15). San Antonio Officials Request Funding for AI Surveillance Cameras. Industry Insider Texas.","Eaton, E. (2024, August 15). San Antonio Mulls AI Surveillance Camera Pilot Downtown. GovTech.",10/20/25,4,1,0,3,6/10/2025,Old RA's
06/10,San Antonio,Texas,Surveillance,,,Online Student Surveillance,Gaggle Safety Management,Gaggle,Law Enforcement,Unsure,Organizational Use,Gaggle (adopted on a 90 day trial basis in February 2023) monitored the online activity of students for three schools in the San Antonio Independent School District.,https://sanantonioreport.org/saisd-artificial-intelligence-surveillance-tool/,,,,,,"Windes, I. (2023, March). San Antonio ISD adopts AI-based student surveillance tool. San Antonio Report.",,,,10/20/25,4,1,0,3,6/10/2025,Old RA's
06/10,San Antonio,Texas,Surveillance,Back End Administration,,Inmate Tracking,SPARTAN with OnDemand and Mobile Command Software,GUARDIAN RFID,Corrections,Unsure,Organizational Use,The Bexar County Sheriff's Office deployed GUARDIAN RFID's Inmate Tracking System for the county's Adult Detention Center. The GUARDIAN RFID Cloud platform (OnDemand) was also employed by Bexar County corrections facility staff.,https://www.corrections1.com/products/corrections/press-releases/san-antonio-jail-system-deploys-rfid-inmate-tracking-system-3DUilGnfSCYrbb2a/,,,,,,"Corrections1 (2021, April 27). San Antonio jail system deploys RFID inmate tracking system.",,,,10/20/25,4,1,0,3,6/10/2025,Old RA's
06/10,San Antonio,Texas,Front End Support,,,Youth Crime Reporting Application,DEPUTY,Skyll,Law Enforcement,Inactive,Organizational Use,"The Bexar County Sheriff's Office has partnered with Skyll, a company that created the Deputy app - an artificial intelligence educational program meant to teach principles of safe Internet usage.",https://www.ksat.com/news/local/2025/06/04/bcso-to-use-ai-to-protect-youth-from-online-predators-with-help-of-california-entrepreneur/,https://www.ksat.com/video/news/2025/06/04/bcso-to-use-ai-to-protect-youth-from-online-predators-with-help-of-california-entrepreneur/,,,,,,"Gray, J., & Gamez, A. (2025, June 4). BCSO to use AI to protect youth from online predators with help of California entrepreneur. KSAT San Antonio.",,,,10/20/25,4,1,0,3,6/10/2025,Old RA's
06/13,San Diego,California,Detection,,,Automated License Plate Recognition,ALPR Cameras,Flock Safety,Law Enforcement,Active,Organizational Use,"Flock Safety's License Plate Readers use AI image recognition and matching capabilities to match license plates read through devices with suspect license plates, leading to supposed recovery of stolen vehicles and criminal arrests.",https://www.policechiefmagazine.org/rise-high-tech-policing/,https://www.police1.com/tech-pulse/tech-driven-crime-reduction-san-diego-sees-results-from-smart-streetlight-and-alpr-systems,,,,,,"Giaime, F. (2025). The Rise of High-Tech Policing. Police Chief Magazine.","The City of San Diego Police Department. (2024, February 24). Tech-driven crime reduction: San Diego sees results from Smart Streetlight and ALPR systems. Police1.",,, 11/17/25,8,0,0,8,6/13/2025,Old RA's
06/13,San Diego,California,Detection,,,Gun Detection Technology,ShotSpotter Gun Detection,SoundThinking,Law Enforcement,Inactive,Organizational Use,The ShotSpotter system uses acoustic sensors to detect and pinpoint the location of potential gunfire incidents.,https://www.policechiefmagazine.org/rise-high-tech-policing/,,,,,,"Giaime, F. (2025). The Rise of High-Tech Policing. Police Chief Magazine.",,,,11/17/25,8,0,0,8,6/13/2025,Old RA's
06/13,San Diego,California,Detection,,,Automated License Plate Recognition,Smart Streetlights,AT&T/General Electric,Law Enforcement,Active,Organizational Use,,https://www.sandiego.gov/sites/default/files/alpr-impact-report.pdf,https://webmaps.sandiego.gov/portal/apps/webappviewer/index.html?id=0bedcced5d9d4a48a8cdc65d14aa5f32,https://www.eff.org/pages/tecnologia-de-vigilancia-en-el-condado-de-san-diego-california,,,,"San Diego Police Department. (n.d.). Surveillance Impact Report Automated License Plate Recognition (ALPR).","Electronic Frontier Foundation. (2019, September 10). Surveillance Tech in San Diego County, California.",,, 11/17/25,8,0,0,8,6/13/2025,Old RA's
06/13,San Diego,California,Surveillance,,,Body Camera Footage Review,N/A,Truleo,Law Enforcement,Inactive,Organizational Use,"Truleo AI technology flags specific verbal cues and events (e.g., use of force or arrests) for departmental review, with the goal of saving supervisors significant time that would otherwise be spent manually reviewing footage.",https://www.northcoastcurrent.com/coastline/2024/02/vast-tsunami-of-data-meets-ai-technology-as-law-enforcement-adapts-to-body-cameras/,https://www.eff.org/pages/tecnologia-de-vigilancia-en-el-condado-de-san-diego-california,,,,,,"August, J. W. (2024, February 29). Vast tsunami of data meets AI technology as law enforcement adapts to body cameras. North Coast Current.","Electronic Frontier Foundation. (2019, September 10). Surveillance Tech in San Diego County, California.",,, 11/17/25,8,0,0,8,6/13/2025,Old RA's
06/13,San Diego,California,Surveillance,,,Data Analysis,Gotham,Palantir,Law Enforcement,Unsure,Organizational Use,"The Gotham platform integrates third-party AI/ML models to analyze data being used for predictive policing, where it analyzes patterns in social ties, arrest records, and location data to help anticipate and prevent future crime. The primary function is to pull together data sources (tax returns, vehicle information from ALPRs, social media, criminal records, etc.) into a single, comprehensive profile.",https://www.eff.org/pages/tecnologia-de-vigilancia-en-el-condado-de-san-diego-california,https://voiceofsandiego.org/2021/02/01/local-law-enforcement-quiet-on-relationships-with-predictive-policing-company/,,,,,,"Electronic Frontier Foundation. (2019, September 10). Surveillance Tech in San Diego County, California.","Marx, J. (2021, February 2). Local Law Enforcement Quiet on Relationships With Predictive Policing Company. Voice of San Diego.",,, 11/17/25,8,0,0,8,6/13/2025,Old RA's
06/13,San Diego,California,Surveillance,,,Facial Recognition Technology,N/A,Clearview AI,Law Enforcement,Active,Organizational Use,"Clearview AI provided a facial recognition technology where users can upload an image of a face, match it against their database, and then supply links to other online locations where the match can be found. Piloted with SDPD in 2020, contract never renewed.",https://idtechwire.com/biometrics-news-san-diego-police-halt-internal-use-clearview-ai-031706/,https://www.securityvision.io/wiki/index.php/Facial_Recognition_used_by_San_Diego_Police_Department,https://www.nbcsandiego.com/news/local/clearviews-facial-recognition-app-has-been-used-by-san-diego-police-and-district-attorneys-office/2275874/,,,,"Perala, A. (2020, March 17). San Diego Police Halt Internal Use of Clearview AI. ID Tech.","Payton, M. (2020, March). Clearview Facial Recognition App Used By San Diego Police and District Attorney's Office. NBC 7 San Diego.",,, 11/17/25,8,0,0,8,6/13/2025,Old RA's
06/13,San Diego,California,Surveillance,,,Feature/Behavior Recognition Technology,N/A,Avigilon,Law Enforcement,Active,Organizational Use,"Avigilon tools use AI to analyze video feeds from surveillance cameras and provide real-time event alerts, allowing security personnel to respond quickly, as well as reducing security threats by detecting people with drawn firearms.",https://thedailyaztec.com/121782/news/sdsu-police-to-spend-millions-on-ai-enabled-surveillance-cameras/,,,,,,"Davis, T. (2025, April 9). SDSU to spend $1.3M on AI-enabled surveillance cameras. The Daily Aztec.",,,,11/17/25,8,0,0,8,6/13/2025,Old RA's
06/13,San Diego,California,Surveillance,,,Security Robots,Knightscope K5,JDS Security Services,Law Enforcement,Active,Organizational Use,The Knightscope K5 is an autonomous security robot that uses a combination of self-driving technology and artificial intelligence to provide an extra set of monitoring security around public spaces. Real-time crime detection is utilized and notifies authorities.,https://www.cbs8.com/article/tech/autonomous-security-robots-deployed-tackle-crime-san-diego/509-aa0646e7-5d53-42fd-8247-659dbbba90c7,,,,,,"De La Fe, R. (2024, April 3). Three security robots have been deployed into San Diego neighborhoods. CBS 8.",,,,11/17/25,8,0,0,8,6/13/2025,Old RA's
06/17,Dallas,Texas,Surveillance,,,Facial Recognition Technology,Clearview AI,Clearview AI,Law Enforcement,Active,Organizational Use,"Clearview AI is the largest law enforcement database in the world, with over 40 billion public photos from the Internet. Police from the Dallas Police Department can submit a photo of an identified person, and the software can produce possible matches within seconds.",https://www.youtube.com/watch?v=QzYKfVOfF3Q,https://www.fox4news.com/news/dallas-police-ai-facial-recognition-technology,https://www.dallasobserver.com/news/dallas-police-ai-facial-recognition-use-on-the-rise-22432442,https://insider.govtech.com/texas/news/a-closer-look-at-proposed-dallas-police-facial-recognition-software-use,,,"FOX 4 Dallas-Fort Worth. (2024, May 14). Dallas police to use AI facial recognition technology to help catch criminals.","Ruby, E. (2025, June 4). Dallas Police Ramping Up Use of Facial Recognition Tech for Case Solving. Dallas Observer.","Tribune News Service. (2024, May 16). A Closer Look at Proposed Dallas Police Facial Recognition Software Use. Industry Insider Texas.",,11/17/25,4,0,1,3,6/17/2025,Old RA's
06/17,Dallas,Texas,Surveillance,,,Drone Technology: Park Safety,N/A,N/A,Law Enforcement,Active,Organizational Use,"The city of Dallas has implemented drones, cameras, and lighting, combined with AI technology, to identify illegal activity and enhance the safety of local parks.",https://www.youtube.com/watch?v=4y0AursAvco,https://www.fox4news.com/news/dallas-using-ai-technology-help-keep-parks-trails-safe,,,,,,"FOX 4 Dallas-Fort Worth. (2025, March 3). Dallas using AI technology to help keep parks and trails safe. YouTube.",,,,11/17/25,4,0,1,3,6/17/2025,Old RA's
06/17,Dallas,Texas,Detection,,,Automated License Plate Recognition,N/A,Flock Safety,Law Enforcement,Active,Organizational Use,"Flock Safety distributes automated license plate readers that scan license plate numbers (along with the vehicle's make, model, and paint color) storing the information in their database for a year. These are used by the Dallas Police Department.",https://www.star-telegram.com/opinion/bradford-william-davis/article307699790.html,,,,,,"Davis, B. W. (2025, June 3). Algorithmic assault on our freedoms: Plate readers help feds search for migrants. Fort Worth Star-Telegram.",,,,11/17/25,4,0,1,3,6/17/2025,Old RA's
06/17,Dallas,Texas,Back End Administration,,,GenAI Court Citations,ChatGPT,OpenAI,Courts,Inactive,Individual Use,"In Dallas, Texas, an attorney (Heidi Hafer) cited four fictitious cases to the Texas Fifth District Court of Appeals, which were likely generated by AI tools. Now, she faces the possibility of sanctions for using generative AI to prepare the court filing.",https://www.legal.io/articles/5609086/Fake-Case-Citations-Land-Two-Attorneys-in-Hot-Water-Over-AI-Misuse,https://www.dallasnews.com/news/courts/2025/05/09/a-dallas-lawyer-cited-cases-appellate-judges-hadnt-heard-of-did-ai-make-them-up/,,,,,Legal.io. (2019). Fake Case Citations Land Two Attorneys in Hot Water Over AI Misuse. Legal.io.,,,,11/17/25,4,0,1,3,6/17/2025,Old RA's
06/17,Dallas,Texas,,,,AI Camera and Drone System,Clearview AI,Clearview AI,Law Enforcement,Active,Organizational Use,Clearview AI is a facial recognition tool that enables law enforcement agencies to identify individuals by comparing uploaded images against a large database of scraped online photos. Its use raises significant privacy and civil liberties concerns and typically requires strict policy controls and legal oversight.,https://dallasweekly.com/2025/04/dallas-city-council-artificial-intelligence/,,,,,,"Hawkins, J. L. (2025, April 29). The City of Dallas, Communities of Color and Future of Artificial Intelligence Integration. Dallas Weekly.",,,,11/13/25,,,,,,New RAs
06/17,Dallas,Texas,,,,Open-Source Intelligence (OSINT) and Surveillance,Tangles,Cobwebs Technologies / PenLink,Law Enforcement,Unsure,Organizational Use,"Tangles is an AI-driven open-source intelligence and data-analysis platform used by law enforcement to map relationships, communications, and digital footprints. It aggregates large volumes of online and investigative data, with accuracy dependent on analyst validation and lawful use constraints.",https://www.texasobserver.org/texas-dps-surveillance-tangle-cobwebs/,,,,,,"D'Annunzio, F. (2024, August 26). Texas State Police Gear Up for Massive Expansion of Surveillance Tech. The Texas Observer.",,,,11/13/25,,,,,,New RAs
06/16,Jacksonville,Florida,Detection,,,Weapon Detection Technology: Schools,Zero Eyes,ZeroEyes,Law Enforcement,Active,Organizational Use,"The ZeroEyes system uses advanced AI technology to identify potential firearms in camera footage. The alert is sent to the school's security staff for human verification. Jacksonville Police Department given $115,000 grant in May 2025 to implement this tech.",https://www.wbrc.com/2025/04/23/jacksonville-police-enhancing-school-safety-using-artificial-intelligence-technology/,https://abc3340.com/news/local/city-council-approves-contract-for-ai-weapon-detection-at-jacksonville-city-schools-jacksonville-city-council-school-safety-security-zeroeyes,,,,,,"Kyle, R. (2025, April 23). Jacksonville Police enhancing school safety using artificial intelligence technology. WBRC.",,,,11/10/25,3,0,0,3,6/16/2025,Old RA's
06/16,Jacksonville,Florida,Surveillance,,,Facial Recognition Technology,N/A,Statewide Face Analysis Comparison & Examination System (FACES),Law Enforcement,Active,Organizational Use,"This technology works by mapping facial features from images and comparing them against a database using AI-powered algorithms, which produces possible matches ranked by confidence levels. Has been updated after past reliability issues, concerning accuracy with demographics and image quality.",https://www.gulfcoastnewsnow.com/article/gulf-coast-news-investigates-how-ai-used-law-enforcement/64818387,https://www.gulfcoastnewsnow.com/article/ai-leads-to-wrongful-arrest-of-lee-county-man/63745255,,,,,"Dean, E. (2025, May 19). Gulf Coast News Investigates: How AI is used by law enforcement. WBBH.",,,,11/10/25,3,0,0,3,6/16/2025,Old RA's
06/16,Jacksonville,Florida,,,,Facial Recognition,FACES,Idemia,Law Enforcement,Active,Organizational Use,"This facial recognition is able to identify people, license plates, and other helpful identifying information from surveillance feeds.",https://www.actionnewsjax.com/news/local/ai-wrong-guy-investigating-use-dangers-artificial-intelligence-jacksonville-policing/BJLBUO2N5BGTDDPXT7FLF22ZKM/,,,,,,"MacDonald, Logan. (2025, July 10). AI, Wrong Guy: Investigating the Use and Dangers of Artificial Intelligence in Jacksonville Policing. Action News Jax.",,,,10/16/25,,,,,,New RAs
06/20,Fort Worth,Texas,Detection,,,Automated License Plate Recognition,ALPR Cameras,Flock Safety,Law Enforcement,Active,Organizational Use,"Flock Safety's License Plate Readers use AI image recognition and matching capabilities to match license plates read through devices with suspect license plates, leading to supposed recovery of stolen vehicles and criminal arrests.",https://www.youtube.com/watch?v=fgkl0eBTPxA,https://www.govtech.com/public-safety/fort-worth-texas-increasing-number-of-surveillance-cameras,,,,,,"FOX 4 Dallas-Fort Worth. (2022, September 5). Game changer: Fort Worth police using new technology to help track down suspects. YouTube.","Copeland, C. (2024, March 26). Fort Worth, Texas, Increasing Number of Surveillance Cameras. GovTech.",,, 11/10/25,4,0,0,4,6/20/2025,Old RA's
06/20,Fort Worth,Texas,Detection,,,Gun Detection Technology,Raven,Flock Safety,Law Enforcement,Active,Organizational Use,"Flock Safety's gun detection technology (Raven) uses acoustic sensors and machine learning to detect, locate, and alert law enforcement to gunshots.",https://www.nbcdfw.com/video/news/local/fort-worth-police-using-new-technology-to-track-gunfire/3854364/,,,,,,"NBC DFW. (2025, June 3). Fort Worth police using new technology to track gunfire. NBC 5 Dallas-Fort Worth.",,,,11/10/25,4,0,0,4,6/20/2025,Old RA's
06/20,Fort Worth,Texas,Detection,,,Gun Detection Technology: Schools,N/A,ZeroEyes,Law Enforcement,Active,Organizational Use,"The ZeroEyes system uses advanced AI technology to identify potential firearms in camera footage. Deployed to the JPS Health Network at hospitals throughout Fort Worth, TX to mitigate gun-related violence.",https://www.wfaa.com/article/news/local/jps-hospital-artificial-intelligence-find-guns-shooting-ai-detection-fort-worth/287-dd618941-8185-47e3-ad91-636f7602f206,,,,,,"Houston, M. (2024, January 31). JPS Hospital using artificial intelligence to find guns on its campus. WFAA.",,,,11/10/25,4,0,0,4,6/20/2025,Old RA's
06/20,Fort Worth,Texas,Surveillance,,,Facial Recognition Technology,N/A,Clearview AI,Law Enforcement,Active,Organizational Use,"Clearview AI provided a facial recognition technology where users can upload an image of a face, match it against their database, and then supply links to other online locations where the match can be found. In 2025, Texas Department of Public Safety extended their contract with ClearviewAI for $1.2M until 2030.",https://www.cbsnews.com/texas/news/fort-worth-irving-plano-police-controversial-facial-recognition-app-trial-basis/,,,,,,"CBS Texas. (2020, March 9). Fort Worth, Irving And Plano Police Using Controversial Facial Recognition App On Trial Basis.",,,,11/10/25,4,0,0,4,6/20/2025,Old RA's
06/20,Fort Worth,Texas,,,,Emergency Response Enhancement,Prepared 911,"Axon Enterprise, Inc.",Law Enforcement,Active,Organizational Use,"Prepared 911 is an emergency response enhancement platform that utilizes AI to handle emergency and nonemergency 911 call traffic. This technology includes an AI-voice assistant, interpreters, and relieves the burden of administrative calls to let call-takers focus on emergencies.",https://fortworthreport.org/2025/07/01/fort-worth-takes-steps-to-streamline-911-response-time-using-ai-merging-dispatch-services/,,,,,,"Shaw, Drew. (2025, July). Fort Worth Takes Steps to Streamline 911 Response Time Using AI. Fort Worth Report.",,,,10/23/25,,,,,,New RAs
06/18,San Jose,California,Back End Administration,,,Non-Emergency Dispatch Assistance,Auto ML Translation,Google,Law Enforcement,Active,Organizational Use,"City staff use the Google AutoML Translation tool to translate customer messages to and from Vietnamese, English, and Spanish in the San Jose 311 non-emergency helpline service.",https://www.police1.com/artificial-intelligence/ai-based-dispatch-a-game-changer-in-public-safety-agencies,,,,,,"Pierce, B. (2025, April 17). AI-based dispatch: A game changer in public safety agencies. Police1.",,,,11/17/25,5,0,0,5,6/24/2025,Old RA's
06/24,San Jose,California,Detection,,,Gun Detection Technology,N/A,Flock Safety,Law Enforcement,Active,Organizational Use,"The San Jose Police Department may use gunshot detection systems to enhance its ability to respond to potential firearm crimes. These systems can identify the time, location, and associated vehicles surrounding a firearm incident.",https://www.wired.com/story/ai-gunshot-detection-accuracy-san-jose-nyc//,https://www.sanjoseca.gov/your-government/departments-offices/information-technology/digital-privacy/ai-reviews-algorithm-register,,,,,,"Feathers, T. (2024, June 25). The Mystery of AI Gunshot-Detection Accuracy Is Finally Unraveling. WIRED.",,,,11/17/25,5,0,0,5,6/24/2025,Old RA's
06/24,San Jose,California,Detection,,,Automated License Plate Recognition,N/A,Flock Safety,Law Enforcement,Active,Organizational Use,"Over 500 Flock Safety automated license plate readers have been installed throughout San Jose, which take a picture of the back of a car to identify the make, model, color, and license plate characters.",https://www.sanjoseca.gov/your-government/departments-offices/information-technology/digital-privacy/ai-reviews-algorithm-register,,,,,,City of San Jose. (2023). Artificial Intelligence & Inventory. Sanjoseca.gov.,,,,11/17/25,5,0,0,5,6/24/2025,Old RA's
06/24,San Jose,California,Forensic Analysis,,,Vision-Based Traffic Collection,Road Safety Conditions Pilot,Currux Vision,Law Enforcement,Active,Organizational Use,"The Road Safety Conditions Pilot uses AI and computer vision to proactively detect obstructions in and around bike lanes and sidewalks, automatically reporting them to the relevant city department.",https://www.sanjoseca.gov/your-government/departments-offices/information-technology/digital-privacy/data-usage-policies-public-comment,,,,,,City of San Jose. (2023). Artificial Intelligence & Inventory. Sanjoseca.gov.,,,,11/17/25,5,0,0,5,6/24/2025,Old RA's
06/24,San Jose,California,Detection,,,AI Red Light Running Cameras,Verra Mobility Red-Light Enforcement,Verra Mobility,Law Enforcement,Active,Organizational Use,San Jose implemented an automated red light camera pilot program to capture photos of vehicles that illegally run red lights.,https://www.sanjoseca.gov/your-government/departments-offices/information-technology/digital-privacy/ai-reviews-algorithm-register,,,,,,City of San Jose. (2023). Artificial Intelligence & Inventory. Sanjoseca.gov.,,,,11/17/25,5,0,0,5,6/24/2025,Old RA's
06/24,San Jose,California,,,,Supervised ML Regression Model Predicting Bus ETAs,Transit Vehicle ETA Estimator,Sinwaves Inc. d/b/a LYT,N/A,Active,Organizational Use,"The LYT.transit system monitors transit vehicles in real time and shares that information with nearby intersections to improve traffic signal timing and efficiency. Using this data, the system predicts when transit vehicles will arrive at upcoming intersections, helping reduce overall travel time.",https://www.sanjoseca.gov/your-government/departments-offices/information-technology/digital-privacy/ai-reviews-algorithm-register,,,,,,Artificial Intelligence & Inventory. (n.d.). City of San Jose.,,,,11/13/25,,,,,,New RAs
06/24,San Jose,California,,,,Computer Vision to Identify Waste Bin Fullness,Zabble Zero Mobile Tagging,Tagging Zabble Inc.,N/A,Active,Organizational Use,"Zabble is a tech firm that supports organizations in optimizing waste management through its AI-driven platform, Zabble Zero. One of its tools, Mobile Tagging, is a web and mobile application that uses computer-vision AI to streamline audits by assessing container fill levels, identifying contamination, and notifying stakeholders through real-time alerts.",https://www.sanjoseca.gov/your-government/departments-offices/information-technology/digital-privacy/ai-reviews-algorithm-register,,,,,,Artificial Intelligence & Inventory. (n.d.). City of San Jose.,,,,11/13/25,,,,,,New RAs
06/24,San Jose,California,,,,Real-Time Translation and Speech-to-Text,Wordly Transcription and Translation,Wordly Inc.,N/A,Active,Organizational Use,"Wordly provides live speech transcription and translation services worldwide, enabling multilingual communication in settings ranging from small meetings to large conferences with thousands of participants. The system supports over 50 languages and is designed to deliver real-time transcription and translation of spoken content.",https://www.sanjoseca.gov/your-government/departments-offices/information-technology/digital-privacy/ai-reviews-algorithm-register,,,,,,Artificial Intelligence & Inventory. (n.d.). City of San Jose.,,,,11/13/25,,,,,,New RAs
06/24,San Jose,California,,,,Vision-Based Traffic Safety Analytics,Intelligent Transportation System (ITS),Currux Vision,Law Enforcement,Pilot,Organizational Use,"Currux Vision's AI-based Intelligent Transportation System uses camera-driven edge computing to monitor and analyze traffic conditions in real time, enabling automated alerts and data collection to improve traffic operations and safety. The system supports collision review by measuring violations, traffic patterns, and congestion at intersections.",https://www.sanjoseca.gov/your-government/departments-offices/information-technology/digital-privacy/ai-reviews-algorithm-register,,,,,,Artificial Intelligence & Inventory. (n.d.). City of San Jose.,,,,11/13/25,,,,,,New RAs
06/24,San Jose,California,,,,Gunshot Detection System (Pilot),FususONE,Axon Fusus,Law Enforcement,Pilot,Organizational Use,"Axon Fusus is a real-time intelligence platform that integrates video feeds and sensor data from public, private, and city-owned sources into a single, cloud-based operational interface. The technology provides a unified, real-time view of incidents to enhance situational awareness and support coordinated public safety response.",https://www.sanjoseca.gov/your-government/departments-offices/information-technology/digital-privacy/ai-reviews-algorithm-register,,,,,,Artificial Intelligence & Inventory. (n.d.). City of San Jose.,,,,11/13/25,,,,,,New RAs
06/24,San Jose,California,,,,Non-Emergency Police Reports via Voice/Mobile/Web,Amazon Connect,Amazon,Law Enforcement,Active,Organizational Use,"Amazon Connect is an AI-enabled call-handling platform used to automatically answer and triage non-emergency police calls. The system applies AI-driven speech analysis and call classification to reduce dispatcher workload and improve response efficiency without replacing human staff.",https://www.police1.com/artificial-intelligence/ai-based-dispatch-a-game-changer-in-public-safety-agencies,,,,,,"Pierce, L. B. (2025, April 17). AI-based dispatch: A game changer in public safety agencies. Police1.",,,,11/13/25,,,,,,New RAs
06/24,San Jose,California,,,,Facial Recognition Biometric Entry/Exit System,Traveler Verification Service (TVS),N/A,Law Enforcement,Active,Organizational Use,"Traveler Verification Service (TVS) is a cloud-based facial biometric system used by U.S. Customs and Border Protection to verify traveler identities. The technology compares live facial images with passport or travel document photos, enabling secure and efficient entry and exit processing at airports, land border crossings, and seaports.",https://www.smartcitiesdive.com/news/san-jose-airport-facial-recognition-tech-international-travelers/529566/,,,,,,"Gibbons, S. (2018, August 8). San Jose airport to use facial recognition tech for all international travelers. Smart Cities Dive.",,,,11/13/25,,,,,,New RAs
06/24,San Jose,California,,,,Generative AI for Case Citation (Hallucination),Claude,Anthropic,Courts,Court/One time,Individual Use,"Claude is an AI language model developed by Anthropic that is used to generate, analyze, and summarize text to support a wide range of research, writing, and analytical tasks.",https://www.reuters.com/legal/litigation/anthropic-expert-accused-using-ai-fabricated-source-copyright-case-2025-05-13/,,,,,,"Brittain, B. (2025, May 13). Anthropic expert accused of using AI-fabricated source in copyright case. Reuters.",,,,11/13/25,,,,,,New RAs
